,art,phase_std,phase_mean,mod_std,mod_mean
0,Eiche,0.11260292679071426,1.156474232673645,2.951101541519165,2.9674019813537598
1,Eiche,0.11637014895677567,1.1056287288665771,3.535107135772705,3.1206655502319336
2,Eiche,0.08718296885490417,1.17100191116333,3.0083656311035156,2.99943470954895
3,Eiche,0.09064459800720215,1.1814042329788208,2.8327462673187256,2.992171287536621
4,Eiche,0.2562180459499359,1.174991250038147,3.059319257736206,3.0619194507598877
5,Eiche,0.10723786056041718,1.1655582189559937,3.446842670440674,3.1394665241241455
6,Eiche,0.10440704971551895,1.1115336418151855,2.5734148025512695,2.926323890686035
7,Eiche,0.10200782865285873,1.0994375944137573,2.7756927013397217,2.8987209796905518
8,Eiche,0.08861733973026276,1.1581171751022339,2.77933406829834,2.8761563301086426
9,Eiche,0.13098260760307312,1.0547122955322266,3.9166853427886963,3.1640617847442627
10,Eiche,0.10370896756649017,1.1847375631332397,3.5217859745025635,3.184757947921753
11,Eiche,0.11674002557992935,1.2030575275421143,3.3179855346679688,3.192294120788574
12,Eiche,0.10358219593763351,1.147918701171875,2.992572546005249,3.000206470489502
13,Eiche,0.09078903496265411,1.1754150390625,2.831109046936035,2.973869562149048
14,Eiche,0.08925731480121613,1.0329738855361938,2.8417258262634277,2.746702194213867
15,Eiche,0.11354006826877594,1.1635067462921143,3.367548704147339,3.179316520690918
16,Laerche,0.07755348831415176,1.043352484703064,2.060641288757324,2.584733247756958
17,Laerche,0.07571981847286224,1.0456900596618652,2.0082106590270996,2.606423854827881
18,Laerche,0.0803360566496849,1.0514031648635864,1.9798141717910767,2.6065993309020996
19,Laerche,0.07947929948568344,1.0415425300598145,1.9846633672714233,2.632356882095337
20,Laerche,0.07962873578071594,1.0548030138015747,1.6771212816238403,2.5716731548309326
21,Laerche,0.0746762827038765,1.0434669256210327,1.7427098751068115,2.5763278007507324
22,Laerche,0.08237898349761963,1.057888150215149,2.1579601764678955,2.6399405002593994
23,Laerche,0.07221143692731857,1.0341192483901978,1.9504145383834839,2.5891764163970947
24,Laerche,0.07774589210748672,1.0429518222808838,1.953608512878418,2.56276273727417
25,Laerche,0.08067701756954193,1.0538674592971802,2.090891122817993,2.628054141998291
26,Laerche,0.07330422103404999,1.0516178607940674,1.9224460124969482,2.5978479385375977
27,Laerche,0.07726316154003143,1.0408663749694824,2.0080602169036865,2.614824056625366
28,Laerche,0.0749516710639,1.0465043783187866,1.926034688949585,2.6180686950683594
29,Laerche,0.0999852865934372,1.0845119953155518,2.0401012897491455,2.6999783515930176
30,Laerche,0.08299273997545242,1.0660206079483032,2.312159538269043,2.6607372760772705
31,Laerche,0.07773680984973907,1.0516886711120605,2.03659725189209,2.6113240718841553
32,Ahorn,0.06942960619926453,1.2145437002182007,1.5469903945922852,2.4617695808410645
33,Ahorn,0.06838201731443405,1.1961842775344849,1.4347587823867798,2.447643280029297
34,Ahorn,0.07172533124685287,1.2316969633102417,1.5467138290405273,2.4747185707092285
35,Ahorn,0.07385865598917007,1.2169438600540161,1.7454801797866821,2.4862217903137207
36,Ahorn,0.06926321983337402,1.2226901054382324,1.6463931798934937,2.496460437774658
37,Ahorn,0.06789719313383102,1.2111059427261353,1.4331146478652954,2.477316379547119
38,Ahorn,0.07802100479602814,1.2642024755477905,1.808884859085083,2.5550036430358887
39,Ahorn,0.07456132024526596,1.252708077430725,1.8975838422775269,2.544450283050537
40,Ahorn,0.0827493891119957,1.2446190118789673,2.193686008453369,2.5439467430114746
41,Ahorn,0.07347850501537323,1.2821452617645264,1.7776484489440918,2.577141284942627
42,Ahorn,0.08239619433879852,1.1921169757843018,2.317772626876831,2.509110689163208
43,Ahorn,0.07697483897209167,1.188832402229309,2.0411829948425293,2.4812488555908203
44,Ahorn,0.07933581620454788,1.193606972694397,1.432471513748169,2.455662488937378
45,Ahorn,0.06875400245189667,1.207709550857544,1.431103229522705,2.44865345954895
46,Ahorn,0.06852052360773087,1.2009605169296265,1.4331846237182617,2.4526658058166504
47,Ahorn,0.07373937219381332,1.181918740272522,1.6472798585891724,2.4228789806365967
48,Ahorn,0.06838756054639816,1.2075344324111938,1.5061237812042236,2.4591386318206787
49,Ahorn,0.07473821938037872,1.185099482536316,1.6459931135177612,2.423302173614502
50,Ahorn,0.06521423906087875,1.2226163148880005,1.3513461351394653,2.3961760997772217
51,Ahorn,0.07127882540225983,1.189048171043396,1.6473603248596191,2.3907551765441895
52,Ahorn,0.0678657591342926,1.1626092195510864,1.434203863143921,2.399144172668457
53,Ahorn,0.08708196133375168,1.17278254032135,1.7494893074035645,2.483060598373413
54,Ahorn,0.07627275586128235,1.179834246635437,1.7137175798416138,2.4487321376800537
55,Ahorn,0.0775030329823494,1.1691406965255737,1.6172873973846436,2.2764382362365723
56,Ahorn,0.06846022605895996,1.1874769926071167,1.5099260807037354,2.430309534072876
57,Ahorn,0.07534192502498627,1.1988924741744995,1.8376214504241943,2.447000026702881
58,Ahorn,0.06931889057159424,1.176559329032898,1.5056761503219604,2.4177231788635254
59,Ahorn,0.08965461701154709,1.3037960529327393,1.8160271644592285,2.076775312423706
60,Ahorn,0.07830997556447983,1.2217280864715576,1.8080523014068604,2.4926538467407227
61,Ahorn,0.08168835192918777,1.1867070198059082,1.9861118793487549,2.4508633613586426
62,Ahorn,0.07581011205911636,1.181280255317688,1.8404213190078735,2.460017681121826
63,Ahorn,0.07175762951374054,1.2179210186004639,1.6497836112976074,2.488342046737671
64,Ahorn,0.06912581622600555,1.1932746171951294,1.5087604522705078,2.447496175765991
65,Ahorn,0.06846906989812851,1.2243303060531616,1.5451656579971313,2.4823243618011475
66,Ahorn,0.07626845687627792,1.0806277990341187,1.5875813961029053,2.2981297969818115
67,Ahorn,0.09055329859256744,1.1784833669662476,2.391812562942505,2.526320695877075
68,Ahorn,0.07340355962514877,1.0804049968719482,1.783573031425476,2.2914035320281982
69,Ahorn,0.078395314514637,1.060414433479309,2.0696706771850586,2.3224234580993652
70,Ahorn,0.09270288795232773,1.1551568508148193,2.414839744567871,2.5165855884552
71,Ahorn,0.09200596809387207,1.2379262447357178,2.456449031829834,2.6034469604492188
72,Ahorn,0.08599744737148285,1.1882386207580566,2.120950937271118,2.462315082550049
73,Ahorn,0.0837799608707428,1.1637165546417236,2.4997527599334717,2.4527933597564697
74,Ahorn,0.0699717253446579,1.0433292388916016,1.687730312347412,2.2639200687408447
75,Ahorn,0.06681932508945465,1.0697660446166992,1.7799371480941772,2.2682716846466064
76,Ahorn,0.06708019971847534,1.0883735418319702,1.6518967151641846,2.2819740772247314
77,Ahorn,0.0708884596824646,1.0768376588821411,1.7819050550460815,2.2765743732452393
78,Ahorn,0.08329692482948303,1.1609669923782349,2.1696557998657227,2.473903179168701
79,Ahorn,0.07642152160406113,1.1902906894683838,2.144641876220703,2.4892115592956543
80,Buche,0.10528834164142609,1.135788917541504,3.796154260635376,2.6252377033233643
81,Buche,0.12793423235416412,1.0855059623718262,4.395586013793945,2.620685338973999
82,Buche,0.13168731331825256,1.1358987092971802,4.408483505249023,2.7117629051208496
83,Buche,0.11383755505084991,1.1117048263549805,4.492908000946045,2.6147685050964355
84,Buche,0.08115281909704208,1.3120875358581543,2.4597253799438477,2.6813347339630127
85,Buche,0.09685669839382172,1.2624220848083496,2.8345985412597656,2.601708173751831
86,Buche,0.12471133470535278,1.1892491579055786,4.242266654968262,2.666936159133911
87,Buche,0.35571998357772827,1.1712430715560913,3.8526647090911865,2.6500818729400635
88,Buche,0.13759250938892365,1.052801489830017,5.8538713455200195,2.6664109230041504
89,Buche,0.11686470359563828,1.142715334892273,4.294853210449219,2.5991828441619873
90,Buche,0.1529151350259781,1.1913142204284668,3.493619203567505,2.6020090579986572
91,Buche,0.11106131225824356,1.174381971359253,4.111629009246826,2.7182726860046387
92,Buche,0.08613136410713196,1.3088068962097168,2.653076410293579,2.7087481021881104
93,Buche,0.10235131531953812,1.1019558906555176,4.100388526916504,2.5798325538635254
94,Buche,0.09458117932081223,1.2398536205291748,3.1777687072753906,2.6101696491241455
95,Buche,0.1367795467376709,1.0706565380096436,5.599517345428467,3.0634148120880127
96,Buche,0.12848412990570068,1.1153757572174072,5.179576396942139,2.7216622829437256
97,Buche,0.13331779837608337,1.0717997550964355,5.630383014678955,3.104053497314453
98,Buche,0.1281314194202423,1.1198562383651733,5.40042781829834,3.0172345638275146
99,Buche,0.08842117339372635,1.2648611068725586,2.661397933959961,2.8608851432800293
100,Buche,0.12599632143974304,1.1141693592071533,5.003032684326172,3.0069000720977783
101,Buche,0.12777014076709747,1.0796149969100952,5.176109313964844,3.0492966175079346
102,Buche,0.08413742482662201,1.276462197303772,2.5762434005737305,2.8623411655426025
103,Buche,0.10114546865224838,1.263948678970337,3.2715606689453125,2.9549925327301025
104,Buche,0.1000804603099823,1.311907172203064,2.9739151000976562,2.969881296157837
105,Buche,0.1039261743426323,1.211525559425354,3.727776050567627,2.950281858444214
106,Buche,0.09138139337301254,1.2797545194625854,2.6429717540740967,2.8785924911499023
107,Buche,0.11973141878843307,1.2322285175323486,3.5916597843170166,2.951636791229248
108,Buche,0.08177917450666428,1.3252544403076172,2.532895803451538,2.9419612884521484
109,Buche,0.12136419862508774,1.2027792930603027,3.742152690887451,2.91804575920105
110,Buche,0.29095423221588135,1.1361392736434937,4.118066310882568,2.9559967517852783
111,Buche,0.13617528975009918,1.077599287033081,5.370608329772949,3.089975118637085
112,Buche,0.3529469966888428,1.1056499481201172,4.607778072357178,3.0370283126831055
113,Buche,0.12842340767383575,1.0669950246810913,5.598019123077393,3.136805772781372
114,Buche,0.15715523064136505,1.0214016437530518,6.52496337890625,3.246471405029297
115,Buche,0.1429177224636078,1.0779569149017334,5.854510307312012,2.9450345039367676
116,Buche,0.09917104244232178,1.2100976705551147,3.6475112438201904,2.871190309524536
117,Buche,0.18010708689689636,0.9571025371551514,8.595616340637207,3.283763885498047
118,Buche,0.1533009111881256,0.9813979864120483,7.064295768737793,3.174367666244507
119,Buche,0.09396431595087051,1.2697128057479858,3.510028600692749,2.931291103363037
120,Buche,0.13629692792892456,1.0797882080078125,5.4169020652771,3.000816583633423
121,Buche,0.09727024286985397,1.2214356660842896,3.2784512042999268,2.9510140419006348
122,Buche,0.10533629357814789,1.2640358209609985,3.814568519592285,3.0759615898132324
123,Buche,0.10744471848011017,1.2329185009002686,3.3915085792541504,2.9619476795196533
124,Buche,0.12106762081384659,1.2526538372039795,2.925842046737671,2.895322799682617
125,Buche,0.11116788536310196,1.2073602676391602,3.0874226093292236,2.8406355381011963
126,Buche,0.09115491062402725,1.2349952459335327,3.0134689807891846,2.8796980381011963
127,Buche,0.08571647852659225,1.2715281248092651,2.7641799449920654,2.9031522274017334
128,Eiche,0.1279396414756775,0.967106819152832,4.924143314361572,3.184091567993164
129,Eiche,0.1659168303012848,1.0529412031173706,4.340322017669678,3.159827947616577
130,Eiche,0.13052722811698914,1.0858041048049927,4.135300159454346,3.208949565887451
131,Eiche,0.1092984601855278,1.103426456451416,4.108486175537109,3.249103546142578
132,Eiche,0.1340213567018509,1.0645679235458374,3.947082757949829,3.0737297534942627
133,Eiche,0.15667013823986053,1.1296899318695068,3.614680290222168,3.2343153953552246
134,Eiche,0.14031171798706055,1.071687936782837,3.8101329803466797,3.1004016399383545
135,Eiche,0.19744764268398285,1.042284369468689,5.042600154876709,3.4537649154663086
136,Eiche,0.12937265634536743,0.942888617515564,5.639666557312012,3.3892931938171387
137,Eiche,0.18751157820224762,0.811418890953064,6.904167175292969,3.488762617111206
138,Eiche,0.1837759166955948,0.9661780595779419,6.997353553771973,3.6711957454681396
139,Eiche,0.23054829239845276,1.3069263696670532,3.699063777923584,3.4723494052886963
140,Eiche,0.2730289697647095,0.8887578845024109,7.965043544769287,3.5710999965667725
141,Eiche,0.15863658487796783,1.050351619720459,3.9373996257781982,3.1872968673706055
142,Eiche,0.14657531678676605,0.9641327857971191,6.545251369476318,3.5281360149383545
143,Eiche,0.18448202311992645,0.9890167117118835,5.445112228393555,3.349702835083008
144,Eiche,0.16535282135009766,1.0685372352600098,4.596035480499268,3.272714138031006
145,Eiche,0.15937171876430511,1.2579421997070312,2.612467050552368,3.2522692680358887
146,Eiche,0.10142013430595398,1.174520492553711,2.80802845954895,3.114741086959839
147,Eiche,0.21560657024383545,0.8124452829360962,8.450057983398438,3.782721996307373
148,Eiche,0.14820712804794312,1.193953514099121,3.1884446144104004,3.3138253688812256
149,Eiche,0.14019878208637238,0.98055100440979,4.342970848083496,3.00469970703125
150,Eiche,0.12428984045982361,1.1044148206710815,4.898993968963623,3.5014402866363525
151,Eiche,0.17872251570224762,1.1604154109954834,5.261543273925781,3.5329935550689697
152,Eiche,0.18499547243118286,1.1282280683517456,4.862663269042969,3.4305779933929443
153,Eiche,0.23474983870983124,0.8886882066726685,7.760597229003906,3.598144054412842
154,Eiche,0.19658522307872772,1.0658695697784424,5.3640007972717285,3.296373128890991
155,Eiche,0.18993420898914337,1.3212779760360718,3.7284023761749268,3.6164608001708984
156,Eiche,0.10481775552034378,1.2489783763885498,3.7587952613830566,3.4501845836639404
157,Eiche,0.19752344489097595,1.098227620124817,4.086177825927734,3.315284013748169
158,Eiche,0.26208555698394775,1.0314348936080933,4.615065097808838,3.280169725418091
159,Eiche,0.15326279401779175,0.9781804084777832,5.000401496887207,3.307851791381836
160,Eiche,0.35838204622268677,0.9873844981193542,5.377285957336426,3.3695316314697266
161,Eiche,0.11983649432659149,1.0807136297225952,4.516529083251953,3.3939480781555176
162,Eiche,0.2054450362920761,0.8918238282203674,9.455225944519043,3.848093271255493
163,Eiche,0.12443498522043228,1.1263704299926758,4.330516815185547,3.4116861820220947
164,Eiche,0.13829298317432404,1.0931117534637451,4.840699195861816,3.438305139541626
165,Eiche,0.16868196427822113,1.0249063968658447,5.168646812438965,3.322861671447754
166,Eiche,0.19989050924777985,0.9003909230232239,5.172297477722168,3.1796152591705322
167,Eiche,0.18626344203948975,1.1456644535064697,4.9491286277771,3.4271960258483887
168,Eiche,0.19088634848594666,1.137307047843933,4.888810634613037,3.423278570175171
169,Eiche,0.1634669154882431,1.152976155281067,4.563528537750244,3.435567617416382
170,Eiche,0.1289374679327011,1.2961721420288086,2.9585394859313965,3.338329553604126
171,Eiche,0.12699322402477264,1.205845832824707,3.1221156120300293,3.192784070968628
172,Eiche,0.1921789050102234,1.1497540473937988,4.860876083374023,3.465695858001709
173,Eiche,0.19237953424453735,1.177711009979248,4.741495132446289,3.4917030334472656
174,Eiche,0.20935049653053284,1.021389365196228,5.599030494689941,3.2572922706604004
175,Eiche,0.2600654065608978,1.165960669517517,5.282815456390381,3.5520496368408203
176,Fichte,0.11202948540449142,0.9622805714607239,2.4260568618774414,2.7457897663116455
177,Fichte,0.07794073224067688,0.9674739241600037,1.8735334873199463,2.6918716430664062
178,Fichte,0.08826575428247452,0.8911980390548706,2.106157064437866,2.683760166168213
179,Fichte,0.1041889563202858,0.8442116975784302,2.406148910522461,2.656928777694702
180,Fichte,0.08536805957555771,0.9705929160118103,1.9610331058502197,2.7925703525543213
181,Fichte,0.08657500892877579,0.9724799990653992,1.8718596696853638,2.748992919921875
182,Fichte,0.09133708477020264,0.9402153491973877,1.8717530965805054,2.678762435913086
183,Fichte,0.06840897351503372,0.9382660388946533,1.3881677389144897,2.5248231887817383
184,Fichte,0.14547739923000336,0.9362090826034546,2.0710365772247314,2.7170259952545166
185,Fichte,0.08192095905542374,0.9570477604866028,1.8453128337860107,2.7200024127960205
186,Fichte,0.08538924902677536,0.9346328377723694,1.934000849723816,2.6752331256866455
187,Fichte,0.07791991531848907,0.954932451248169,1.8379144668579102,2.6961982250213623
188,Fichte,0.07559262961149216,0.9487448334693909,1.778297781944275,2.711057424545288
189,Fichte,0.09847649186849594,0.9319435954093933,2.025564670562744,2.6517140865325928
190,Fichte,0.12377940863370895,0.8377007246017456,3.82702898979187,2.897958278656006
191,Fichte,0.34381601214408875,0.8997957706451416,2.3802106380462646,2.6886229515075684
192,Fichte,0.3445020914077759,0.8849143385887146,2.7071638107299805,2.7526021003723145
193,Fichte,0.09949817508459091,0.8595408797264099,2.7299294471740723,2.765892267227173
194,Fichte,0.09506763517856598,0.9029111266136169,2.464515209197998,2.6502859592437744
195,Fichte,0.1699836254119873,0.9265609383583069,2.4047985076904297,2.742516040802002
196,Fichte,0.0935782939195633,0.8955272436141968,2.4712326526641846,2.6864569187164307
197,Fichte,0.3432331383228302,0.8543342351913452,2.4491238594055176,2.606978416442871
198,Fichte,0.09622874855995178,0.9759522676467896,1.6844755411148071,2.6858057975769043
199,Fichte,0.0872422531247139,0.9234881401062012,2.1485440731048584,2.767688274383545
200,Fichte,0.1087179183959961,0.8483803868293762,2.7499473094940186,2.6862239837646484
201,Fichte,0.07369715720415115,0.9208163022994995,1.580568790435791,2.6052868366241455
202,Fichte,0.08300239592790604,0.959835410118103,2.12184476852417,2.637603759765625
203,Fichte,0.08216197788715363,0.9417257308959961,2.121647834777832,2.698169469833374
204,Fichte,0.09348244220018387,0.9037706851959229,2.5158326625823975,2.7242934703826904
205,Fichte,0.11256352066993713,0.916266918182373,2.8851735591888428,2.9670934677124023
206,Fichte,0.09729889780282974,0.8766240477561951,2.6230239868164062,2.8448715209960938
207,Fichte,0.09881328791379929,0.8799670338630676,2.751427173614502,2.845306158065796
208,Fichte,0.10395235568284988,0.8622246384620667,2.9463133811950684,2.761481523513794
209,Fichte,0.09540140628814697,0.9505179524421692,2.514749765396118,2.9231603145599365
210,Fichte,0.08467910438776016,0.9158958196640015,2.321340799331665,2.77354097366333
211,Fichte,0.0852806344628334,0.9215855598449707,2.3698999881744385,2.763622522354126
212,Fichte,0.17143869400024414,0.8382431864738464,3.132554769515991,2.7273213863372803
213,Fichte,0.08803773671388626,0.9029011726379395,2.3280155658721924,2.5833311080932617
214,Fichte,0.09264474362134933,0.8551209568977356,2.576666831970215,2.626058578491211
215,Fichte,0.09022853523492813,0.9468623995780945,2.02492618560791,2.607409954071045
216,Fichte,0.10204561054706573,0.8720367550849915,2.602753162384033,2.7049200534820557
217,Fichte,0.08901342749595642,0.9455960988998413,2.1540699005126953,2.6098148822784424
218,Fichte,0.10004761070013046,0.8749076128005981,2.52192759513855,2.6273834705352783
219,Fichte,0.08837555348873138,0.8849694728851318,2.4427719116210938,2.6522936820983887
220,Fichte,0.08787079155445099,0.9131035208702087,2.325265645980835,2.700409173965454
221,Fichte,0.09025943279266357,0.8659715056419373,2.335845708847046,2.606743335723877
222,Fichte,0.10624092072248459,0.9300379753112793,2.5616447925567627,2.782984733581543
223,Fichte,0.09589966386556625,0.8695510625839233,2.4478440284729004,2.6442925930023193
224,Kiefer,0.14582376182079315,1.0526385307312012,3.1098992824554443,2.797313690185547
225,Kiefer,0.12558309733867645,0.9653191566467285,3.3578555583953857,2.6688790321350098
226,Kiefer,0.14658546447753906,0.9817092418670654,3.0305254459381104,2.6021947860717773
227,Kiefer,0.14799660444259644,0.8552587032318115,3.623539447784424,2.6575372219085693
228,Kiefer,0.12467977404594421,0.9658687710762024,3.045653820037842,2.619279623031616
229,Kiefer,0.13056126236915588,0.8611934185028076,3.017989158630371,2.483586311340332
230,Kiefer,0.15845166146755219,0.7851268649101257,4.28303337097168,2.6869828701019287
231,Kiefer,0.11738534271717072,1.1193162202835083,2.429469347000122,2.7660481929779053
232,Kiefer,0.11018159240484238,1.104038119316101,2.5437445640563965,2.7059998512268066
233,Kiefer,0.12266670912504196,1.0687198638916016,2.68810772895813,2.698674440383911
234,Kiefer,0.11595042049884796,1.0568714141845703,2.5210866928100586,2.7483365535736084
235,Kiefer,0.13127300143241882,0.9865717887878418,2.7550063133239746,2.6322734355926514
236,Kiefer,0.11293988674879074,0.9342580437660217,2.6483116149902344,2.5403530597686768
237,Kiefer,0.11449160426855087,1.014409065246582,2.710120916366577,2.6550652980804443
238,Kiefer,0.11304967850446701,0.994806170463562,2.7494137287139893,2.5806877613067627
239,Kiefer,0.1662936806678772,1.1004852056503296,2.685431718826294,2.684471607208252
240,Kiefer,0.11807971447706223,0.9721067547798157,2.85543155670166,2.6072819232940674
241,Kiefer,0.12040665000677109,1.0020195245742798,3.2293264865875244,2.680060863494873
242,Kiefer,0.11996965855360031,0.8417075872421265,3.0496954917907715,2.5282704830169678
243,Kiefer,0.116549052298069,0.8426531553268433,2.877685546875,2.484607696533203
244,Kiefer,0.11096689105033875,0.9796955585479736,2.5419468879699707,2.5842881202697754
245,Kiefer,0.15569835901260376,0.923347532749176,3.37675404548645,2.7146918773651123
246,Kiefer,0.14095710217952728,0.8946127891540527,3.2045915126800537,2.6625020503997803
247,Kiefer,0.13162030279636383,0.9177545309066772,3.583641529083252,2.755945920944214
248,Kiefer,0.13355287909507751,0.8979186415672302,3.628004312515259,2.708005905151367
249,Kiefer,0.3582550883293152,0.8728410601615906,3.8971261978149414,2.7553164958953857
250,Kiefer,0.13878604769706726,0.8803479671478271,4.140883445739746,2.782480478286743
251,Kiefer,0.1257205605506897,0.9123913049697876,3.3040661811828613,2.670038938522339
252,Kiefer,0.1414882391691208,0.7801356315612793,4.142518043518066,2.6824240684509277
253,Kiefer,0.10974008589982986,0.8545157313346863,2.8996083736419678,2.539180040359497
254,Kiefer,0.12316308170557022,1.0021990537643433,2.7087976932525635,2.652384042739868
255,Kiefer,0.12882442772388458,0.8807819485664368,3.6918792724609375,2.7246599197387695
256,Kiefer,0.13709712028503418,0.8700843453407288,4.103108882904053,2.816179037094116
257,Kiefer,0.216069296002388,0.843709409236908,3.767765998840332,2.7352383136749268
258,Kiefer,0.13901859521865845,0.886154055595398,3.893064022064209,2.7702102661132812
259,Kiefer,0.13172385096549988,0.8317040205001831,3.7259726524353027,2.6909403800964355
260,Kiefer,0.14820343255996704,0.8342120051383972,4.010719299316406,2.7743520736694336
261,Kiefer,0.18349747359752655,0.9080700278282166,3.905430555343628,2.7895538806915283
262,Kiefer,0.16998228430747986,0.8011847138404846,3.9708902835845947,2.775017499923706
263,Kiefer,0.13046719133853912,0.8921490907669067,3.824288845062256,2.7292981147766113
264,Kiefer,0.16587625443935394,0.8952412009239197,3.527130126953125,2.691781997680664
265,Kiefer,0.1589086353778839,0.9055459499359131,3.5596349239349365,2.71663761138916
266,Kiefer,0.1602972447872162,0.8665584325790405,3.965503692626953,2.7106966972351074
267,Kiefer,0.158096045255661,0.8341447114944458,4.394443511962891,2.7764198780059814
268,Kiefer,0.16573679447174072,0.8322895765304565,4.098150253295898,2.6716504096984863
269,Kiefer,0.17774342000484467,0.9539333581924438,3.3335342407226562,2.7614457607269287
270,Kiefer,0.355101078748703,0.9339750409126282,3.412489652633667,2.658419370651245
271,Kiefer,0.15148410201072693,0.9323497414588928,3.3149571418762207,2.705197811126709
272,Laerche,0.12283631414175034,0.926673948764801,4.180384159088135,2.9575278759002686
273,Laerche,0.11662424355745316,0.9335268139839172,3.264007329940796,2.816012382507324
274,Laerche,0.14979569613933563,0.8021907210350037,6.040680408477783,3.1010076999664307
275,Laerche,0.1134384423494339,0.8867718577384949,3.4123010635375977,2.7898330688476562
276,Laerche,0.12961263954639435,0.8729202747344971,4.670378684997559,2.9886369705200195
277,Laerche,0.1547364741563797,0.7677428126335144,5.748971939086914,3.0673043727874756
278,Laerche,0.17336808145046234,0.7629573941230774,6.512209415435791,3.10748028755188
279,Laerche,0.20781005918979645,0.7326072454452515,6.628478527069092,3.146519899368286
280,Laerche,0.19190801680088043,0.7107734680175781,6.798205375671387,3.1681933403015137
281,Laerche,0.2846740186214447,0.7421296834945679,8.226373672485352,3.479140281677246
282,Laerche,0.36119505763053894,0.7808071970939636,5.235538005828857,2.920281410217285
283,Laerche,0.1505843997001648,0.8332282900810242,5.733292579650879,3.103747606277466
284,Laerche,0.13079561293125153,0.8336220383644104,4.322363376617432,2.792217969894409
285,Laerche,0.13027603924274445,0.7807278037071228,4.865841865539551,2.821592092514038
286,Laerche,0.16949638724327087,0.813764214515686,5.742621898651123,3.0446858406066895
287,Laerche,0.14173224568367004,0.8406609296798706,4.928877830505371,2.8608455657958984
288,Laerche,0.1395963728427887,0.858701765537262,4.687677383422852,2.799379348754883
289,Laerche,0.1044657751917839,0.9204872250556946,3.2272655963897705,2.656189441680908
290,Laerche,0.16854314506053925,0.8164012432098389,6.303652286529541,3.177278995513916
291,Laerche,0.16243970394134521,0.7100338935852051,6.339949131011963,3.175041437149048
292,Laerche,0.11665285378694534,0.874612033367157,3.882089614868164,2.8879477977752686
293,Laerche,0.13965202867984772,0.804061770439148,5.162443161010742,3.0089375972747803
294,Laerche,0.22392192482948303,0.7286195755004883,6.8847808837890625,3.195385694503784
295,Laerche,0.18542276322841644,0.7260946035385132,6.459280967712402,3.105433940887451
296,Laerche,0.3565581738948822,0.7827153205871582,5.406314373016357,2.9081027507781982
297,Laerche,0.13269713521003723,0.802962601184845,5.099042892456055,2.907607316970825
298,Laerche,0.13095079362392426,0.8241477012634277,4.966312408447266,2.960237979888916
299,Laerche,0.11769289523363113,0.8685869574546814,4.287689208984375,2.8054444789886475
300,Laerche,0.16090399026870728,0.7419355511665344,6.615721702575684,3.2287073135375977
301,Laerche,0.13601180911064148,0.7904103994369507,4.866075038909912,2.925184965133667
302,Laerche,0.14887116849422455,0.74834144115448,5.528679847717285,3.0388731956481934
303,Laerche,0.3768708407878876,0.7874905467033386,5.258848667144775,2.897883892059326
304,Laerche,0.15971392393112183,0.8657947778701782,4.958003997802734,2.957284927368164
305,Laerche,0.1373777538537979,0.8992508053779602,4.5019659996032715,2.9011306762695312
306,Laerche,0.1414947658777237,0.7802394032478333,5.470561981201172,2.9087717533111572
307,Laerche,0.1265341341495514,0.8504953980445862,4.56141996383667,2.8730311393737793
308,Laerche,0.12712176144123077,0.9001920819282532,3.9268851280212402,2.891911029815674
309,Laerche,0.14129392802715302,0.8522443771362305,4.555618762969971,2.8911032676696777
310,Laerche,0.12969066202640533,0.8327616453170776,4.750479221343994,2.908858299255371
311,Laerche,0.37011218070983887,0.8194348216056824,5.758664608001709,3.0911471843719482
312,Laerche,0.11956455558538437,0.7978114485740662,4.402073383331299,2.8981776237487793
313,Laerche,0.1975928097963333,0.8157250285148621,5.726704120635986,3.1924355030059814
314,Laerche,0.19499434530735016,0.7965983152389526,4.171278953552246,2.908557653427124
315,Laerche,0.11356545239686966,0.8849421739578247,3.5623939037323,2.8886773586273193
316,Laerche,0.11708655953407288,0.9188030362129211,3.692739248275757,2.8935515880584717
317,Laerche,0.16492271423339844,0.7688743472099304,6.990894794464111,3.2373900413513184
318,Laerche,0.12578609585762024,0.7804104685783386,4.7675251960754395,2.8778274059295654
319,Laerche,0.23492155969142914,0.9122703671455383,3.330535650253296,2.801518201828003
